{"Admins":{"abc123":{"email":"admin1@gmail.com","password":"abc"}},"Users":{"CrJWOvGJYZQk9F7owQ5Fnj5e0L53":{"email":"budiyono2555@gmail.com","fcm_id":"eXg9IcV3QhiNN795ubwi9x:APA91bGRqohw2CUWWZB0ijVkd7TrqqytXZW1PVpbloWPVx3tBEdOmnS_ltXnUK5SanihhlnMavz1x1uwYYm2MbQMF_HaWiljP4KrY8dWD-3g_Vt9SJt_v1Sc6dzvSFUWfkA43g0j7lzT","fullname":"Budi","noTelp":"082170315842"},"HCNVFl9LsIfwnou5jrn5Ev7jDaH3":{"email":"sayasendiri20202021@gmail.com","fullname":"saya sendiri","noTelp":"085264342184"},"If6sSbOrSrMfiEgdryauPZVRNqu1":{"email":"luluk@univrab.ac.id","fullname":"luluk elvitaria","noTelp":"0852364546"},"RXdNYjg7OPhsIKXL0ooTX4uPx883":{"email":"erwin.alfi24@gmail.com","fcm_id":"euNTU8mqQHSml6-yuwlqJP:APA91bFz7QfS2nX50CHqP6C7EJttGeWQA8s-3Ho8i41kwlGx9kxgJmL2T-TbzdQGX5Ah9yzWQKph55GHilVZcNvuOxHoMsU1G-u6nZsz6X2JfBJgKVmxU4_L5q9UzeE3SfH5GApzX1FO","fullname":"Erwin Alfi","noTelp":"082285920101"},"W3WjORl5CmWRenZbqzC4dnqSSll1":{"email":"irfatih.jhd@gmail.com","fullname":"zul indra","noTelp":"08525464532"},"dh6VYPYV9uVBE5Ji0EBrhSarRAT2":{"email":"danaos.apps@gmail.com","fullname":"Tes","noTelp":"087705505561"},"pq6DfZ3me8U7ZhKkowEYzWjn5RZ2":{"email":"zul.indra@univrab.ac.id","fullname":"zul indra","noTelp":"085263616531"},"rUQa4ex7JNQkdsHXf2mQbxutb7i1":{"email":"bettercode.apps@gmail.com","fcm_id":"ezLI8aiCRpK_Po6c252WqO:APA91bHRggyF6-2OFmZdrOp4R1Y7xo9kUFBnbdU-wC2V4HINKAEy2qmmb5YRrU3ZQTjraZy68a9XblqSWjcGh7d7MnDabe0Ns-Da9Z3__FFhHoeGK_GoaLD2a48EW_pFBu5BECk4BtZu","fullname":"Test","noTelp":"087705505561"},"xQNMluSx99Ww4Fa1xiCW32JiJJA3":{"email":"erwin.alfianda@student.univrab.ac.id","fullname":"erwin alfianda","noTelp":"0553455"}}}