{
  "project_info": {
    "project_number": "1059235154263",
    "firebase_url": "https://monitoring-kebakaran-hut-d6aa5-default-rtdb.firebaseio.com",
    "project_id": "monitoring-kebakaran-hut-d6aa5",
    "storage_bucket": "monitoring-kebakaran-hut-d6aa5.appspot.com"
  },
  "client": [
    {
      "client_info": {
        "mobilesdk_app_id": "1:1059235154263:android:f9d7d72b434c36b44b5612",
        "android_client_info": {
          "package_name": "com.example.monitoringkebakaranhutan"
        }
      },
      "oauth_client": [
        {
          "client_id": "1059235154263-gk2j3s7kmtvee6i29u3rrjv2agfgp0ak.apps.googleusercontent.com",
          "client_type": 1,
          "android_info": {
            "package_name": "com.example.monitoringkebakaranhutan",
            "certificate_hash": "2ef903ca26305f811edd129c6a8b1e3592515922"
          }
        },
        {
          "client_id": "1059235154263-qjr853ol2641ede9raaivsg767h4bghn.apps.googleusercontent.com",
          "client_type": 1,
          "android_info": {
            "package_name": "com.example.monitoringkebakaranhutan",
            "certificate_hash": "e307bbf2b3e315fc94e30ce95bc793b3627a6368"
          }
        },
        {
          "client_id": "1059235154263-29hjcike2tcv6u7b1p8dtitshe7un9ia.apps.googleusercontent.com",
          "client_type": 3
        }
      ],
      "api_key": [
        {
          "current_key": "AIzaSyABtxCV8zvrhSGLRS13Y3L-IumRSimvMbo"
        }
      ],
      "services": {
        "appinvite_service": {
          "other_platform_oauth_client": [
            {
              "client_id": "1059235154263-29hjcike2tcv6u7b1p8dtitshe7un9ia.apps.googleusercontent.com",
              "client_type": 3
            }
          ]
        }
      }
    },
    {
      "client_info": {
        "mobilesdk_app_id": "1:1059235154263:android:dbc2553280053b174b5612",
        "android_client_info": {
          "package_name": "com.example.monitoringkebakaranhutanadmin"
        }
      },
      "oauth_client": [
        {
          "client_id": "1059235154263-27fclju796v7h0nnnj7f3tqd051inpft.apps.googleusercontent.com",
          "client_type": 1,
          "android_info": {
            "package_name": "com.example.monitoringkebakaranhutanadmin",
            "certificate_hash": "e307bbf2b3e315fc94e30ce95bc793b3627a6368"
          }
        },
        {
          "client_id": "1059235154263-57br03r9fpr47gdhg90fgfuaqhs587bh.apps.googleusercontent.com",
          "client_type": 1,
          "android_info": {
            "package_name": "com.example.monitoringkebakaranhutanadmin",
            "certificate_hash": "2ef903ca26305f811edd129c6a8b1e3592515922"
          }
        },
        {
          "client_id": "1059235154263-29hjcike2tcv6u7b1p8dtitshe7un9ia.apps.googleusercontent.com",
          "client_type": 3
        }
      ],
      "api_key": [
        {
          "current_key": "AIzaSyABtxCV8zvrhSGLRS13Y3L-IumRSimvMbo"
        }
      ],
      "services": {
        "appinvite_service": {
          "other_platform_oauth_client": [
            {
              "client_id": "1059235154263-29hjcike2tcv6u7b1p8dtitshe7un9ia.apps.googleusercontent.com",
              "client_type": 3
            }
          ]
        }
      }
    }
  ],
  "configuration_version": "1"
}