{
  "project_info": {
    "project_number": "638923799400",
    "project_id": "smart-city-fbd41",
    "storage_bucket": "smart-city-fbd41.appspot.com"
  },
  "client": [
    {
      "client_info": {
        "mobilesdk_app_id": "1:638923799400:android:067ccb0f90e0e3495234dd",
        "android_client_info": {
          "package_name": "com.prod.smartcity"
        }
      },
      "oauth_client": [
        {
          "client_id": "638923799400-q9l40ls0kler5a4n0g3bf0la89u1vv7k.apps.googleusercontent.com",
          "client_type": 1,
          "android_info": {
            "package_name": "com.prod.smartcity",
            "certificate_hash": "750aea7a8916f97e906b3cfa5e9df0a3093037ee"
          }
        },
        {
          "client_id": "638923799400-vcvmuf6v2m24uns64m2oltp33np3rdfp.apps.googleusercontent.com",
          "client_type": 1,
          "android_info": {
            "package_name": "com.prod.smartcity",
            "certificate_hash": "e307bbf2b3e315fc94e30ce95bc793b3627a6368"
          }
        },
        {
          "client_id": "638923799400-n23dl2dtdsjnd208jkb1ffvb4vbn90am.apps.googleusercontent.com",
          "client_type": 3
        }
      ],
      "api_key": [
        {
          "current_key": "AIzaSyAx-pt8933nl2Ns94adYoqnsPbXsAnljGc"
        }
      ],
      "services": {
        "appinvite_service": {
          "other_platform_oauth_client": [
            {
              "client_id": "638923799400-n23dl2dtdsjnd208jkb1ffvb4vbn90am.apps.googleusercontent.com",
              "client_type": 3
            }
          ]
        }
      }
    },
    {
      "client_info": {
        "mobilesdk_app_id": "1:638923799400:android:b5ab0f44a868d7ef5234dd",
        "android_client_info": {
          "package_name": "com.prod.smartcityadmin"
        }
      },
      "oauth_client": [
        {
          "client_id": "638923799400-ag6sliq26lceaqj67ujuc3npjkthn80r.apps.googleusercontent.com",
          "client_type": 1,
          "android_info": {
            "package_name": "com.prod.smartcityadmin",
            "certificate_hash": "750aea7a8916f97e906b3cfa5e9df0a3093037ee"
          }
        },
        {
          "client_id": "638923799400-j9odcjjm3jcjd4dlgef6cudm3oa38opd.apps.googleusercontent.com",
          "client_type": 1,
          "android_info": {
            "package_name": "com.prod.smartcityadmin",
            "certificate_hash": "e307bbf2b3e315fc94e30ce95bc793b3627a6368"
          }
        },
        {
          "client_id": "638923799400-n23dl2dtdsjnd208jkb1ffvb4vbn90am.apps.googleusercontent.com",
          "client_type": 3
        }
      ],
      "api_key": [
        {
          "current_key": "AIzaSyAx-pt8933nl2Ns94adYoqnsPbXsAnljGc"
        }
      ],
      "services": {
        "appinvite_service": {
          "other_platform_oauth_client": [
            {
              "client_id": "638923799400-n23dl2dtdsjnd208jkb1ffvb4vbn90am.apps.googleusercontent.com",
              "client_type": 3
            }
          ]
        }
      }
    }
  ],
  "configuration_version": "1"
}