{
  "project_info": {
    "project_number": "177788114713",
    "firebase_url": "https://katalog-sejarah-b02e0-default-rtdb.firebaseio.com",
    "project_id": "katalog-sejarah-b02e0",
    "storage_bucket": "katalog-sejarah-b02e0.appspot.com"
  },
  "client": [
    {
      "client_info": {
        "mobilesdk_app_id": "1:177788114713:android:81a3c62a61bef885ded788",
        "android_client_info": {
          "package_name": "com.dn.katalogsejarah"
        }
      },
      "oauth_client": [
        {
          "client_id": "177788114713-9ijf15vofrq90afq1hcrbgvoml4eoqh6.apps.googleusercontent.com",
          "client_type": 1,
          "android_info": {
            "package_name": "com.dn.katalogsejarah",
            "certificate_hash": "30e5c372be28fd02a48f8ec5f886f9e142a8545e"
          }
        },
        {
          "client_id": "177788114713-inmfighgok8ja4vppef5sq8toilgj9o2.apps.googleusercontent.com",
          "client_type": 1,
          "android_info": {
            "package_name": "com.dn.katalogsejarah",
            "certificate_hash": "e307bbf2b3e315fc94e30ce95bc793b3627a6368"
          }
        },
        {
          "client_id": "177788114713-te6bh0k65jlt02rcteql7gvi2jfvnd81.apps.googleusercontent.com",
          "client_type": 1,
          "android_info": {
            "package_name": "com.dn.katalogsejarah",
            "certificate_hash": "8c8c96c4347d201ff7265b367ae1432cf2832319"
          }
        },
        {
          "client_id": "177788114713-8epir2l399207a1a5jbgpcjm69gskprr.apps.googleusercontent.com",
          "client_type": 3
        }
      ],
      "api_key": [
        {
          "current_key": "AIzaSyDH8K4NSQmAw541aotNgOkLmn0c7k17Guw"
        }
      ],
      "services": {
        "appinvite_service": {
          "other_platform_oauth_client": [
            {
              "client_id": "177788114713-8epir2l399207a1a5jbgpcjm69gskprr.apps.googleusercontent.com",
              "client_type": 3
            }
          ]
        }
      }
    },
    {
      "client_info": {
        "mobilesdk_app_id": "1:177788114713:android:d52ed1b777efd7c8ded788",
        "android_client_info": {
          "package_name": "com.dn.katalogsejarahadmin"
        }
      },
      "oauth_client": [
        {
          "client_id": "177788114713-6par5e8vt4gss6iddsvc80rprc2movkp.apps.googleusercontent.com",
          "client_type": 1,
          "android_info": {
            "package_name": "com.dn.katalogsejarahadmin",
            "certificate_hash": "e307bbf2b3e315fc94e30ce95bc793b3627a6368"
          }
        },
        {
          "client_id": "177788114713-t7nf3ichk2630vdv2j0o6m2jn9lavjoa.apps.googleusercontent.com",
          "client_type": 1,
          "android_info": {
            "package_name": "com.dn.katalogsejarahadmin",
            "certificate_hash": "30e5c372be28fd02a48f8ec5f886f9e142a8545e"
          }
        },
        {
          "client_id": "177788114713-tob4ls8ith3jksimnsk85sfk0jvpc216.apps.googleusercontent.com",
          "client_type": 1,
          "android_info": {
            "package_name": "com.dn.katalogsejarahadmin",
            "certificate_hash": "8c8c96c4347d201ff7265b367ae1432cf2832319"
          }
        },
        {
          "client_id": "177788114713-8epir2l399207a1a5jbgpcjm69gskprr.apps.googleusercontent.com",
          "client_type": 3
        }
      ],
      "api_key": [
        {
          "current_key": "AIzaSyDH8K4NSQmAw541aotNgOkLmn0c7k17Guw"
        }
      ],
      "services": {
        "appinvite_service": {
          "other_platform_oauth_client": [
            {
              "client_id": "177788114713-8epir2l399207a1a5jbgpcjm69gskprr.apps.googleusercontent.com",
              "client_type": 3
            }
          ]
        }
      }
    }
  ],
  "configuration_version": "1"
}